N°;Famille;Outil (touche);Fonction actuelle;Limites constatées;Apports tirés des fichiers (MetalFab);Source MetalFab;Compléments (inventaire du code);Gain d'efficacité / d'utilité;Priorité
1;Tracé;Ligne (L);"Segment par 2 points ; accrochage, ortho, longueur ou point saisis";"Un seul segment ; ortho annulé par les accrochages objet";"Verrouillage d'axe par flèches ◀ ▲ ▶ pendant le tracé ; convertir la ligne en barre / poutre / mur";"Draw tool (flèches) ; Draw from edges";"Saisie d'angle directe (pas seulement @L<a) ; chaînage optionnel";"Tracés orthogonaux fiables ; une esquisse devient un ouvrage";Haute
2;Tracé;Polyligne (P);"Points successifs ; Entrée / double-clic";"Segments droits seulement ; pas de commande Fermer ; pas d'annulation du dernier sommet";« Dessiner depuis des arêtes » : un élément par segment, placement centre / extérieur / intérieur, rotation 90°, coupe aux jonctions;Draw from edges (place position, 90° rotation, Extrude & cut);"Segments en arc ; Fermer (C) ; Retour arrière sur le dernier sommet";Une structure complète en une commande au lieu de N tracés;Haute
3;Tracé;Rectangle (R);Deux coins opposés, axes alignés;"Pas de saisie L×H (longueur sur la diagonale) ; rotation par quarts de tour";Point d'insertion sur 5 positions (centre + 4 coins), bascule MAJ;Draw tool : Placing position, SHIFT;"Saisie « L;H » ; rectangle par le centre ou par 3 points ; rotation libre";Platines, cadres, réservations posés au bon nu du premier coup;Moyenne
4;Tracé;Cercle (C);"Centre puis rayon ; rayon saisi";Centre-rayon seulement;"Tube rond du catalogue (Ø × épaisseur) : double contour automatique ; segmentation réglable";"Profil Round ; réglage Segmentation";Cercle par diamètre, 2 points, 3 points, tangent;Sections de tubes et réservations normalisées;Basse
5;Tracé;Arc 3 points (A);Début, point sur l'arc, fin;"Pas de rayon ni d'angle saisis ; ortho désactivé";— (rien de correspondant dans les fichiers);—;"Saisie du rayon et de l'angle ; arc tangent à l'élément précédent";Arcs cotés exacts sans construction;Moyenne
6;Tracé;Arc par le centre (E);"Centre, début, fin ; sens trigonométrique";"Sens unique ; pas d'angle saisi";— (rien de correspondant dans les fichiers);—;"Inversion de sens (MAJ, comme la bascule MetalFab) ; angle saisi";Moins de reprises sur les arcs;Basse
7;Tracé;Ellipse (Z);Centre, 1er axe, 2e demi-axe;Arcs d'ellipse présents dans le modèle mais non dessinables;— (rien de correspondant dans les fichiers);—;Mode arc d'ellipse;Ovales et arcs elliptiques directement;Basse
8;Tracé;Spline (S);Points de contrôle, B-spline degré ≤ 3;"Pas de points de passage ; pas de spline fermée ; édition au panneau Inspecteur seulement";— (rien de correspondant dans les fichiers);—;"Points de passage ; fermeture ; poignées sur la planche";Courbes libres maîtrisées;Basse
9;Tracé;Main levée;Trait continu simplifié en polyligne;Toujours une polyligne;— (rien de correspondant dans les fichiers);—;Option lissage en spline;Croquis plus propres;Basse
10;Tracé;Texte (T);Point d'insertion puis fenêtre de saisie du navigateur;"Hauteur, rotation, alignement seulement au panneau Inspecteur ; pas de ligne de rappel";"Étiquettes d'info posées sur la sélection ; outil de réarrangement des textes ; suppression de toutes les étiquettes";Documentation tools (Add info text, Text tool, Delete all);"Saisie dans la planche au lieu de prompt() ; style de texte ; ligne de rappel";Annotation rapide et lisible;Moyenne
11;Tracé;Bloc (B);Insertion du bloc actif (Navigateur, bibliothèque bâtiment);"8 éléments ; pas de rotation ; bloc créé depuis un seul objet";"Bibliothèque avec recherche, tri par colonne, filtre par type, actions Modifier / Supprimer / Dessiner ; métadonnées norme, SKU, fiche technique, paramètres libres";"Library ; Add profile";"Rotation des blocs (débloque le réseau polaire) ; bloc depuis plusieurs objets";"Trouver un élément en secondes ; lien avec les références fournisseur";Moyenne
12;Modification;Sélection (V);Clic, MAJ+clic, fenêtre, glisser pour déplacer;"Pas de fenêtre de capture ; pas de poignées ; pas de déplacement par point de base";"« Sélectionner tous les identiques » ; sélection depuis une ligne de nomenclature";BOM : select same name, select all instances, select from BOM;"Fenêtre de capture ; poignées de sommets ; déplacement point de base + distance";Modifier d'un coup toutes les pièces d'un même repère;Haute
13;Modification;Décaler;"Distance saisie ; une copie par clic";"Pas de copies multiples ; pas sur les murs ; boutons ±10 mm fixes";Décalage de longueur aux extrémités (+ / −, valeur ou demi-section), MAJ inverse le sens;Pipe length offset;"Décalage multiple et « par un point » ; murs et poutres";Allonger un élément jusqu'au nu ou à l'axe d'un autre sans mesurer;Haute
14;Modification;Étirer;Fenêtre de capture, point de base, destination;"Fenêtre rectangulaire ; pas de déplacement saisi direct";Étirement qui conserve les sections (seule la longueur change);Observers (Scale tool observer);Distance saisie après le point de base;Allonger une ossature sans déformer les profilés;Moyenne
15;Modification;Ajuster (J);"Clic sur la partie à supprimer ; toutes les arêtes coupent";"Pas d'ellipses, splines, murs ; pas de choix des arêtes";Coupe d'un élément épais par le profil d'un autre (« au nu »);Extrude & profile cut;"Choix des arêtes de coupe ; ellipses, splines, murs";Jonctions propres entre éléments épais;Moyenne
16;Modification;Prolonger (X);Prolonge jusqu'à l'arête suivante;Lignes, arcs, polylignes ouvertes seulement;Prolongement d'un élément épais jusqu'à la face (demi-section);Pipe length tool (half pipe size);Murs et poutres;Ossatures fermées sans reprise;Moyenne
17;Modification;Congé (F);"Rayon saisi ; deux lignes";Entre deux LIGNES seulement;Assemblage d'onglet entre éléments épais, angle de coupe affiché;"Miter joint tool ; Mitre end angle info";"Coins de polylignes, arcs, rectangles ; tous les coins d'un coup";Cadres et garde-corps corrects, angle prêt pour l'atelier;Haute
18;Modification;Chanfrein (N);"Distances D1, D2 ; deux lignes";"Mêmes restrictions ; pas de mode distance + angle";Coupe d'onglet à angle libre entre deux éléments;Miter joint tool;"Mode distance + angle ; polylignes";Assemblages biais en charpente et menuiserie;Moyenne
19;Modification;Contrainte;"Coïncidence, H/V, parallèle, perpendiculaire, égalité, distance, longueur, rayon, tangence, fixe ; paramètres";"Pas d'angle, symétrie, milieu ; repères de sommets fragiles";Formules de cotes attachées à la géométrie (sections paramétriques);data/profiles/*.skp + info.txt;Contraintes d'angle, de symétrie, de milieu;Sections et pièces pilotées par paramètres;Moyenne
20;Cotation et mesure;Cote (D);"Cote associative sur ligne, rectangle, polyligne, cercle, arc ; tolérances ISO 286";"Pas sur murs, poutres, poteaux, ouvertures ; décalage fixe (40)";Coter un élément : longueur de débit et angle d'onglet en une pose;"Dimensioning tool ; Mitre end angle info";"Placement du décalage à la souris ; cotes sur objets bâtiment";Plans de fabrication cotés sans reprise;Moyenne
21;Cotation et mesure;Cote par points (K);Série, cumulée, angulaire, niveau;Non associative;— (rien de correspondant dans les fichiers);—;Accrocher les cotes aux sommets (associativité);Cotes justes après modification;Moyenne
22;Cotation et mesure;Mesure (M);Distance, ΔX, ΔY temporaires;Résultat non conservé;Longueur et poids de l'élément cliqué (poids/m × longueur);calc.rbe (weight of 1m);"Copier le résultat ; mesure d'angle";Contrôle rapide de masse et de longueur;Basse
23;Cotation et mesure;Aire (Q);"Contour par points ; aire et périmètre";Pas de clic sur un contour existant;Masse d'une surface (épaisseur × densité du matériau);Add profile : Material category (densités);Clic dans un contour fermé existant;Métré de tôles, dalles, vitrages;Moyenne
24;Cotation et mesure;Symbole (Y);Nord, repère de coupe, cote de niveau, état de surface;— (aucune limite bloquante);Repères de pièces (bulles numérotées, préfixe + index);"Documentation : Renumber ; Settings : prefix, start";—;Repérage cohérent plan / nomenclature;Moyenne
25;Cotation et mesure;Note (U);"Note attachée à un objet ou un point ; photos";Ni sur les feuilles ni à l'export;Champs info / note / URL de fiche technique par élément;Add profile (info, note, datasheet_url);Affichage optionnel sur feuille;Documentation de chantier reliée aux objets;Basse
26;Bâtiment;Mur (W);"Segments successifs ; épaisseur, hauteur, axe / nu gauche / nu droit";"Droits seulement ; pas de types de murs ; pas de décalage ni d'ajustement";"Bibliothèque de types de murs (code, épaisseur, matériau + densité, coût) ; bascule MAJ du placement axe / nu";"Library + Add profile ; Placing position + SHIFT";"Murs courbes ; composition par couches";Murs normalisés réutilisables, métré et coût immédiats;Moyenne
27;Bâtiment;Ouverture (O);"Porte / fenêtre centrée sur le clic ; largeur, sens";"Hauteur et allège à l'Inspecteur ; pas de catalogue";Catalogue de menuiseries (profilés alu : code, cotes, SKU, coût);"Library ; Add profile (cas ProfiléAlu)";Hauteur et allège dans le panneau de pose;Pose de menuiseries réelles, chiffrage direct;Moyenne
28;Bâtiment;Pièce (I);"Contour détecté depuis les murs ; surface SIA 416 / Carrez";"Limitée aux murs ; nom par prompt";— (rien de correspondant dans les fichiers);—;"Contour aussi depuis des lignes ; saisie du nom dans la planche";Surfaces sur plans importés;Basse
29;Bâtiment;Dalle;"Depuis une pièce ou par points ; épaisseur";Contour non associatif;Masse et coût (épaisseur × aire × densité béton 2400 kg/m³);"Add profile (densités) ; Report (coût)";Contour suivant la pièce;Métré béton immédiat;Moyenne
30;Bâtiment;Toiture;"2 coins ; 1/2/4 pans, pente, débord";Contour rectangulaire seulement;Chevrons / pannes générés depuis les arêtes de la toiture avec un profil bois du catalogue;"Draw from edges ; densités bois 550/750";Contour quelconque;Charpente quantifiée;Basse
31;Structure;Poteau;"Section b×h ou Ø ; clic au centre";"Aucun catalogue (lot 13.4) ; rotation 90°";"Catalogue de profils rond, rectangulaire, U, L, C, T, H, personnalisé ; code « RO-200x10 » ; 5 points d'insertion ; rotation";"Draw tool ; Library ; Add profile ; data/profiles";Gammes normalisées (EN 10365, EN 10219);Poteaux acier, alu, bois en un choix;Haute
32;Structure;Poutre;"Section b×h ; 2 points d'axe";"Section rectangulaire ; pas de jonctions ; pas de lien à la nomenclature";"Même catalogue ; placement axe / nu / coins ; décalage de longueur ; onglet et coupe aux jonctions ; longueur de débit sur l'objet";"Draw tool ; pipe length ; miter joint ; pipe.rbe";Comptage automatique dans la nomenclature;Charpente dessinée et quantifiée en même temps;Haute
33;Structure;Section paramétrique (nouvel outil);—;Aucun gabarit de section;Forme dont les sommets suivent des formules (largeur, hauteur, épaisseur, rayon);data/profiles/*.skp + info.txt;Relier au tableau de paramètres existant;Une définition pour toute une gamme (IPE 80 à 600…);Moyenne
34;Navigation et aides;Caler le fond (G);2 points puis distance réelle;"Échelle uniforme ; pas d'alignement en rotation";— (rien de correspondant dans les fichiers);—;Alignement en rotation sur 2 points;Fonds de plan calés plus vite;Basse
35;Navigation et aides;Panoramique (H);"Glisser ; molette ; Cadrer / 100 % / 3D";—;— (rien de correspondant dans les fichiers);—;—;—;—
36;Navigation et aides;Accrochages (F9) / Ortho (F8);"10 accrochages ; grille de repli";"Ortho cède aux accrochages ; pas de repérage polaire";"Accrocher au centre de la section ; verrouillage d'axe prioritaire";"Draw tool : Snap to center ; flèches";Repérage polaire, lignes d'extension;Précision sans conflit ortho / accrochages;Moyenne
37;Fonctions transverses;Rotation;±90° autour du centre;Pas d'angle libre ni de pivot;"Rotation d'un élément autour de son axe ; rotation 90° dès la pose";"Rotate tool ; 90° rotation";Angle libre, pivot choisi, rotation par référence;Orienter un profilé sans redessiner;Haute
38;Fonctions transverses;Miroir / Échelle;"Axes du centre ; ×2 / ÷2";"Pas d'axe libre ni de facteur libre ; pas de « garder l'original »";Échelle qui conserve les sections;Observers;"Axe par 2 points ; facteur saisi ; copie";Symétries et agrandissements sans reprise;Moyenne
39;Fonctions transverses;Réseau;"Rectangulaire et polaire ; ≤ 5000 copies";"Polaire refusé pour les blocs ; pas le long d'un chemin";Répartition de barres le long d'arêtes (une par arête);Draw from edges;Réseau le long d'un chemin;Montants, lisses, chevrons répartis en une fois;Moyenne
40;Fonctions transverses;Nomenclature;Rep. / Désignation / Matériau / Qté;"Pas de longueur, profil, masse, coût ; colonnes fixes";"Colonnes profil, longueur, poids/m, masse, coût ; tri ; calcul sur sélection imbriquée ; débit en barres ; totaux ; devise";"report.rbe ; Settings ; Nesting";Comptage auto des poutres et poteaux;Métré, commande matière et devis depuis le dessin;Haute
41;Fonctions transverses;Matériaux;9 noms sans propriétés physiques;Pas de densité donc pas de masse;"Densités (acier 7850, inox 8000, alu 2700, laiton 8500, cuivre 8960, bois 550/750, titane 4500, béton 2400, verre 2500, plastique 950 kg/m³) ; coût au kg ; poids/m calculé depuis la section";"Add profile ; calc.rbe";—;Masse des ouvrages sans tableur;Haute
42;Fonctions transverses;Repérage des pièces;"Repères automatiques et stables : numéro de ligne de nomenclature dans l'ordre d'apparition (bom.ts, bulles ISO 6433) ; numéro des pièces 3D attribué à la création (assembly.ts)";"Pas de préfixe configurable ; pas de renumérotation explicite d'une sélection";"Préfixe et index de départ configurables ; renumérotation explicite de la sélection ; pas de renumérotation à la copie";"Documentation ; Settings ; v1.7";—;Repères au format de l'atelier (ex. « P-101 ») et remise en ordre d'un ensemble en un clic;Moyenne
43;Fonctions transverses;Solides 3D (balayage);Profil le long d'un chemin;"Angles vifs, pas d'onglet ; pas de catalogue";"Balayage d'un profil du catalogue avec onglets aux sommets ; ligne médiane ; fusion des arêtes colinéaires";"Draw from edges + miter ; Settings";Congé / chanfrein 3D dans le panneau;Garde-corps et cadres 3D propres pour STEP / IFC;Moyenne
44;Fonctions transverses;Console de scripts;Objets bruts et transformations;Pas d'opérations métier;Commandes « barre », « depuis arêtes », « onglet », « renuméroter », « nomenclature » exposées à l'API;Ensemble des outils MetalFab;Ajuster, congé, décaler, réseau, solides dans l'API;Automatiser les structures répétitives;Basse
